Número de trade;Instrumento;Cuenta;Estrategia;Mercado pos.;Cant.;Precio de entrada;Precio de salida;Tiempo de entrada;Tiempo de salida;Nombre de entrada;Nombre de salida;Ganancias;Con ganancia neto;Comisión;Tarifa de Liquidación;Tarifa de Intercambio;Tarifa de IP;Tarifa de NFA;MAE;MFE;ETD;Barras;
1;ETHBTC;Backtest;CRUCEEMA;Long;1;0,10773;0,10558;21/7/2017 12:00:00 a m;21/7/2017 12:00:00 a m;ENTRADA;Stop loss;-2,00 %;-2,00 %;$0,00;$0,00;$0,00;$0,00;$0,00;2,00 %;0,00 %;2,00 %;1;
2;ETHBTC;Backtest;CRUCEEMA;Long;1;0,08533;0,08362;11/8/2017 12:00:00 a m;11/8/2017 12:00:00 a m;ENTRADA;Stop loss;-2,00 %;-3,96 %;$0,00;$0,00;$0,00;$0,00;$0,00;2,00 %;0,00 %;2,00 %;1;
3;ETHBTC;Backtest;CRUCEEMA;Long;1;0,08461;0,08292;13/8/2017 12:00:00 a m;14/8/2017 12:00:00 a m;ENTRADA;Stop loss;-2,00 %;-5,88 %;$0,00;$0,00;$0,00;$0,00;$0,00;2,00 %;3,04 %;5,03 %;2;
4;ETHBTC;Backtest;CRUCEEMA;Long;1;0,08069;0,07908;24/8/2017 12:00:00 a m;24/8/2017 12:00:00 a m;ENTRADA;Stop loss;-2,00 %;-7,76 %;$0,00;$0,00;$0,00;$0,00;$0,00;2,00 %;0,00 %;2,00 %;1;
5;ETHBTC;Backtest;CRUCEEMA;Long;1;0,08065;0,07904;30/8/2017 12:00:00 a m;30/8/2017 12:00:00 a m;ENTRADA;Stop loss;-2,00 %;-9,60 %;$0,00;$0,00;$0,00;$0,00;$0,00;2,00 %;0,00 %;2,00 %;1;
6;ETHBTC;Backtest;CRUCEEMA;Long;1;0,07556;0,07405;26/9/2017 12:00:00 a m;28/9/2017 12:00:00 a m;ENTRADA;Stop loss;-2,00 %;-11,40 %;$0,00;$0,00;$0,00;$0,00;$0,00;2,00 %;3,23 %;5,23 %;3;
7;ETHBTC;Backtest;CRUCEEMA;Long;1;0,05084;0,04982;26/11/2017 12:00:00 a m;26/11/2017 12:00:00 a m;ENTRADA;Stop loss;-2,01 %;-13,18 %;$0,00;$0,00;$0,00;$0,00;$0,00;2,01 %;0,00 %;2,01 %;1;
8;ETHBTC;Backtest;CRUCEEMA;Long;1;0,04623;0,04531;22/12/2017 12:00:00 a m;22/12/2017 12:00:00 a m;ENTRADA;Stop loss;-1,99 %;-14,91 %;$0,00;$0,00;$0,00;$0,00;$0,00;1,99 %;0,00 %;1,99 %;1;
9;ETHBTC;Backtest;CRUCEEMA;Long;1;0,06867;0,06730;22/4/2018 12:00:00 a m;23/4/2018 12:00:00 a m;ENTRADA;Stop loss;-2,00 %;-16,61 %;$0,00;$0,00;$0,00;$0,00;$0,00;2,00 %;3,80 %;5,80 %;2;
10;ETHBTC;Backtest;CRUCEEMA;Long;1;0,07722;0,07568;3/6/2018 12:00:00 a m;12/6/2018 12:00:00 a m;ENTRADA;Stop loss;-1,99 %;-18,27 %;$0,00;$0,00;$0,00;$0,00;$0,00;1,99 %;4,71 %;6,71 %;10;
11;ETHBTC;Backtest;CRUCEEMA;Long;1;0,07828;0,07671;17/6/2018 12:00:00 a m;17/6/2018 12:00:00 a m;ENTRADA;Stop loss;-2,01 %;-19,91 %;$0,00;$0,00;$0,00;$0,00;$0,00;2,01 %;0,00 %;2,01 %;1;
12;ETHBTC;Backtest;CRUCEEMA;Long;1;0,07985;0,07825;22/6/2018 12:00:00 a m;23/6/2018 12:00:00 a m;ENTRADA;Stop loss;-2,00 %;-21,51 %;$0,00;$0,00;$0,00;$0,00;$0,00;2,00 %;0,10 %;2,10 %;2;
13;ETHBTC;Backtest;CRUCEEMA;Long;1;0,03387;0,03319;9/11/2018 12:00:00 a m;9/11/2018 12:00:00 a m;ENTRADA;Stop loss;-2,01 %;-23,09 %;$0,00;$0,00;$0,00;$0,00;$0,00;2,01 %;0,00 %;2,01 %;1;
14;ETHBTC;Backtest;CRUCEEMA;Long;1;0,03314;0,03298;13/11/2018 12:00:00 a m;14/11/2018 12:00:00 a m;ENTRADA;Cierre por Cruce;-0,48 %;-23,46 %;$0,00;$0,00;$0,00;$0,00;$0,00;1,03 %;0,24 %;0,72 %;2;
15;ETHBTC;Backtest;CRUCEEMA;Long;1;0,02916;0,03284;25/12/2018 12:00:00 a m;16/1/2019 12:00:00 a m;ENTRADA;Cierre por Cruce;12,62 %;-13,80 %;$0,00;$0,00;$0,00;$0,00;$0,00;0,10 %;43,18 %;30,56 %;23;
16;ETHBTC;Backtest;CRUCEEMA;Long;1;0,03501;0,03431;17/1/2019 12:00:00 a m;17/1/2019 12:00:00 a m;ENTRADA;Stop loss;-2,00 %;-15,53 %;$0,00;$0,00;$0,00;$0,00;$0,00;2,00 %;0,00 %;2,00 %;1;
17;ETHBTC;Backtest;CRUCEEMA;Long;1;0,03383;0,03315;19/1/2019 12:00:00 a m;19/1/2019 12:00:00 a m;ENTRADA;Stop loss;-2,01 %;-17,22 %;$0,00;$0,00;$0,00;$0,00;$0,00;2,01 %;0,00 %;2,01 %;1;
18;ETHBTC;Backtest;CRUCEEMA;Long;1;0,03258;0,03429;11/2/2019 12:00:00 a m;6/3/2019 12:00:00 a m;ENTRADA;Cierre por Cruce;5,25 %;-12,88 %;$0,00;$0,00;$0,00;$0,00;$0,00;1,72 %;22,31 %;17,07 %;24;
19;ETHBTC;Backtest;CRUCEEMA;Long;1;0,03544;0,03473;8/3/2019 12:00:00 a m;10/3/2019 12:00:00 a m;ENTRADA;Stop loss;-2,00 %;-14,62 %;$0,00;$0,00;$0,00;$0,00;$0,00;2,00 %;1,86 %;3,87 %;3;
20;ETHBTC;Backtest;CRUCEEMA;Long;1;0,03480;0,03449;18/3/2019 12:00:00 a m;21/3/2019 12:00:00 a m;ENTRADA;Cierre por Cruce;-0,89 %;-15,38 %;$0,00;$0,00;$0,00;$0,00;$0,00;1,18 %;2,73 %;3,62 %;4;
21;ETHBTC;Backtest;CRUCEEMA;Long;1;0,03452;0,03424;30/3/2019 12:00:00 a m;31/3/2019 12:00:00 a m;ENTRADA;Cierre por Cruce;-0,81 %;-16,07 %;$0,00;$0,00;$0,00;$0,00;$0,00;1,22 %;0,20 %;1,01 %;2;
22;ETHBTC;Backtest;CRUCEEMA;Long;1;0,03489;0,03419;1/4/2019 12:00:00 a m;3/4/2019 12:00:00 a m;ENTRADA;Stop loss;-2,01 %;-17,75 %;$0,00;$0,00;$0,00;$0,00;$0,00;2,01 %;1,49 %;3,50 %;3;
23;ETHBTC;Backtest;CRUCEEMA;Long;1;0,03413;0,03391;11/4/2019 12:00:00 a m;12/4/2019 12:00:00 a m;ENTRADA;Cierre por Cruce;-0,64 %;-18,28 %;$0,00;$0,00;$0,00;$0,00;$0,00;1,20 %;1,00 %;1,64 %;2;
24;ETHBTC;Backtest;CRUCEEMA;Long;1;0,03037;0,03069;18/5/2019 12:00:00 a m;29/5/2019 12:00:00 a m;ENTRADA;Cierre por Cruce;1,05 %;-17,42 %;$0,00;$0,00;$0,00;$0,00;$0,00;0,76 %;14,75 %;13,70 %;12;
25;ETHBTC;Backtest;CRUCEEMA;Long;1;0,03093;0,03031;30/5/2019 12:00:00 a m;1/6/2019 12:00:00 a m;ENTRADA;Stop loss;-2,00 %;-19,08 %;$0,00;$0,00;$0,00;$0,00;$0,00;2,00 %;1,94 %;3,94 %;3;
26;ETHBTC;Backtest;CRUCEEMA;Long;1;0,03131;0,03082;3/6/2019 12:00:00 a m;5/6/2019 12:00:00 a m;ENTRADA;Cierre por Cruce;-1,56 %;-20,35 %;$0,00;$0,00;$0,00;$0,00;$0,00;1,98 %;2,65 %;4,22 %;3;
27;ETHBTC;Backtest;CRUCEEMA;Long;1;0,03140;0,03077;7/6/2019 12:00:00 a m;10/6/2019 12:00:00 a m;ENTRADA;Stop loss;-2,01 %;-21,94 %;$0,00;$0,00;$0,00;$0,00;$0,00;2,01 %;2,32 %;4,33 %;4;
28;ETHBTC;Backtest;CRUCEEMA;Long;1;0,03099;0,03037;14/6/2019 12:00:00 a m;16/6/2019 12:00:00 a m;ENTRADA;Stop loss;-2,00 %;-23,51 %;$0,00;$0,00;$0,00;$0,00;$0,00;2,00 %;4,19 %;6,20 %;3;
29;ETHBTC;Backtest;CRUCEEMA;Long;1;0,01924;0,01886;19/9/2019 12:00:00 a m;26/9/2019 12:00:00 a m;ENTRADA;Stop loss;-1,98 %;-25,02 %;$0,00;$0,00;$0,00;$0,00;$0,00;1,98 %;15,54 %;17,52 %;8;
30;ETHBTC;Backtest;CRUCEEMA;Long;1;0,02094;0,02052;11/11/2019 12:00:00 a m;24/11/2019 12:00:00 a m;ENTRADA;Stop loss;-2,01 %;-26,52 %;$0,00;$0,00;$0,00;$0,00;$0,00;2,01 %;4,20 %;6,21 %;14;
31;ETHBTC;Backtest;CRUCEEMA;Long;1;0,01880;0,01842;17/1/2020 12:00:00 a m;17/1/2020 12:00:00 a m;ENTRADA;Stop loss;-2,02 %;-28,01 %;$0,00;$0,00;$0,00;$0,00;$0,00;2,02 %;0,00 %;2,02 %;1;
32;ETHBTC;Backtest;CRUCEEMA;Long;1;0,01941;0,01902;2/2/2020 12:00:00 a m;2/2/2020 12:00:00 a m;ENTRADA;Stop loss;-2,01 %;-29,45 %;$0,00;$0,00;$0,00;$0,00;$0,00;2,01 %;0,00 %;2,01 %;1;
33;ETHBTC;Backtest;CRUCEEMA;Long;1;0,02338;0,02291;9/4/2020 12:00:00 a m;9/4/2020 12:00:00 a m;ENTRADA;Stop loss;-2,01 %;-30,87 %;$0,00;$0,00;$0,00;$0,00;$0,00;2,01 %;0,00 %;2,01 %;1;
34;ETHBTC;Backtest;CRUCEEMA;Long;1;0,02261;0,02250;25/5/2020 12:00:00 a m;26/5/2020 12:00:00 a m;ENTRADA;Cierre por Cruce;-0,49 %;-31,21 %;$0,00;$0,00;$0,00;$0,00;$0,00;0,71 %;0,80 %;1,28 %;2;
35;ETHBTC;Backtest;CRUCEEMA;Long;1;0,02292;0,02246;27/5/2020 12:00:00 a m;29/5/2020 12:00:00 a m;ENTRADA;Stop loss;-2,01 %;-32,59 %;$0,00;$0,00;$0,00;$0,00;$0,00;2,01 %;1,40 %;3,40 %;3;
36;ETHBTC;Backtest;CRUCEEMA;Long;1;0,02300;0,03296;31/5/2020 12:00:00 a m;8/9/2020 12:00:00 a m;ENTRADA;Cierre por Cruce;43,30 %;-3,39 %;$0,00;$0,00;$0,00;$0,00;$0,00;0,00 %;76,39 %;33,09 %;101;
37;ETHBTC;Backtest;CRUCEEMA;Long;1;0,03440;0,03371;9/9/2020 12:00:00 a m;9/9/2020 12:00:00 a m;ENTRADA;Stop loss;-2,01 %;-5,33 %;$0,00;$0,00;$0,00;$0,00;$0,00;2,01 %;0,00 %;2,01 %;1;
38;ETHBTC;Backtest;CRUCEEMA;Long;1;0,03433;0,03364;12/9/2020 12:00:00 a m;17/9/2020 12:00:00 a m;ENTRADA;Stop loss;-2,01 %;-7,23 %;$0,00;$0,00;$0,00;$0,00;$0,00;2,01 %;8,27 %;10,28 %;6;
39;ETHBTC;Backtest;CRUCEEMA;Long;1;0,03559;0,03488;20/9/2020 12:00:00 a m;20/9/2020 12:00:00 a m;ENTRADA;Stop loss;-1,99 %;-9,09 %;$0,00;$0,00;$0,00;$0,00;$0,00;1,99 %;0,00 %;1,99 %;1;
40;ETHBTC;Backtest;CRUCEEMA;Long;1;0,03352;0,03316;15/10/2020 12:00:00 a m;17/10/2020 12:00:00 a m;ENTRADA;Cierre por Cruce;-1,07 %;-10,06 %;$0,00;$0,00;$0,00;$0,00;$0,00;1,55 %;0,33 %;1,40 %;3;
41;ETHBTC;Backtest;CRUCEEMA;Long;1;0,03041;0,02980;25/11/2020 12:00:00 a m;28/11/2020 12:00:00 a m;ENTRADA;Stop loss;-2,01 %;-11,87 %;$0,00;$0,00;$0,00;$0,00;$0,00;2,01 %;10,92 %;12,92 %;4;
42;ETHBTC;Backtest;CRUCEEMA;Long;1;0,03091;0,03029;12/12/2020 12:00:00 a m;13/12/2020 12:00:00 a m;ENTRADA;Stop loss;-2,01 %;-13,63 %;$0,00;$0,00;$0,00;$0,00;$0,00;2,01 %;0,39 %;2,39 %;2;
43;ETHBTC;Backtest;CRUCEEMA;Long;1;0,03082;0,03020;16/12/2020 12:00:00 a m;17/12/2020 12:00:00 a m;ENTRADA;Stop loss;-2,01 %;-15,37 %;$0,00;$0,00;$0,00;$0,00;$0,00;2,01 %;0,19 %;2,21 %;2;
44;ETHBTC;Backtest;CRUCEEMA;Long;1;0,02964;0,02905;6/1/2021 12:00:00 a m;6/1/2021 12:00:00 a m;ENTRADA;Stop loss;-1,99 %;-17,06 %;$0,00;$0,00;$0,00;$0,00;$0,00;1,99 %;0,00 %;1,99 %;1;
45;ETHBTC;Backtest;CRUCEEMA;Long;1;0,03762;0,03687;21/2/2021 12:00:00 a m;21/2/2021 12:00:00 a m;ENTRADA;Stop loss;-1,99 %;-18,71 %;$0,00;$0,00;$0,00;$0,00;$0,00;1,99 %;0,00 %;1,99 %;1;
46;ETHBTC;Backtest;CRUCEEMA;Long;1;0,03500;0,03430;11/3/2021 12:00:00 a m;11/3/2021 12:00:00 a m;ENTRADA;Stop loss;-2,00 %;-20,34 %;$0,00;$0,00;$0,00;$0,00;$0,00;2,00 %;0,00 %;2,00 %;1;
47;ETHBTC;Backtest;CRUCEEMA;Long;1;0,03267;0,08167;3/4/2021 12:00:00 a m;16/5/2021 12:00:00 a m;ENTRADA;Profit target;149,98 %;99,15 %;$0,00;$0,00;$0,00;$0,00;$0,00;0,77 %;149,98 %;0,00 %;44;
48;ETHBTC;Backtest;CRUCEEMA;Long;1;0,06669;0,06536;15/6/2021 12:00:00 a m;15/6/2021 12:00:00 a m;ENTRADA;Stop loss;-1,99 %;95,18 %;$0,00;$0,00;$0,00;$0,00;$0,00;1,99 %;0,00 %;1,99 %;1;
49;ETHBTC;Backtest;CRUCEEMA;Long;1;0,06492;0,06362;3/7/2021 12:00:00 a m;3/7/2021 12:00:00 a m;ENTRADA;Stop loss;-2,00 %;91,27 %;$0,00;$0,00;$0,00;$0,00;$0,00;2,00 %;0,00 %;2,00 %;1;
50;ETHBTC;Backtest;CRUCEEMA;Long;1;0,06270;0,06190;25/7/2021 12:00:00 a m;28/7/2021 12:00:00 a m;ENTRADA;Cierre por Cruce;-1,28 %;88,83 %;$0,00;$0,00;$0,00;$0,00;$0,00;1,31 %;2,20 %;3,48 %;4;
51;ETHBTC;Backtest;CRUCEEMA;Long;1;0,06412;0,07046;4/8/2021 12:00:00 a m;22/9/2021 12:00:00 a m;ENTRADA;Cierre por Cruce;9,89 %;107,50 %;$0,00;$0,00;$0,00;$0,00;$0,00;0,87 %;24,06 %;14,18 %;50;
52;ETHBTC;Backtest;CRUCEEMA;Long;1;0,07066;0,07026;25/9/2021 12:00:00 a m;26/9/2021 12:00:00 a m;ENTRADA;Cierre por Cruce;-0,57 %;106,33 %;$0,00;$0,00;$0,00;$0,00;$0,00;1,16 %;0,86 %;1,43 %;2;
53;ETHBTC;Backtest;CRUCEEMA;Long;1;0,07088;0,06946;29/9/2021 12:00:00 a m;29/9/2021 12:00:00 a m;ENTRADA;Stop loss;-2,00 %;102,19 %;$0,00;$0,00;$0,00;$0,00;$0,00;2,00 %;0,00 %;2,00 %;1;
54;ETHBTC;Backtest;CRUCEEMA;Long;1;0,07111;0,06969;5/10/2021 12:00:00 a m;6/10/2021 12:00:00 a m;ENTRADA;Stop loss;-2,00 %;98,15 %;$0,00;$0,00;$0,00;$0,00;$0,00;2,00 %;0,91 %;2,91 %;2;
55;ETHBTC;Backtest;CRUCEEMA;Long;1;0,06800;0,06664;26/10/2021 12:00:00 a m;26/10/2021 12:00:00 a m;ENTRADA;Stop loss;-2,00 %;94,19 %;$0,00;$0,00;$0,00;$0,00;$0,00;2,00 %;0,00 %;2,00 %;1;
56;ETHBTC;Backtest;CRUCEEMA;Long;1;0,07954;0,07891;3/1/2022 12:00:00 a m;4/1/2022 12:00:00 a m;ENTRADA;Cierre por Cruce;-0,79 %;92,65 %;$0,00;$0,00;$0,00;$0,00;$0,00;1,28 %;0,44 %;1,23 %;2;
57;ETHBTC;Backtest;CRUCEEMA;Long;1;0,08096;0,07934;5/1/2022 12:00:00 a m;8/1/2022 12:00:00 a m;ENTRADA;Stop loss;-2,00 %;88,80 %;$0,00;$0,00;$0,00;$0,00;$0,00;2,00 %;2,42 %;4,42 %;4;
58;ETHBTC;Backtest;CRUCEEMA;Long;1;0,06873;0,07299;20/3/2022 12:00:00 a m;2/5/2022 12:00:00 a m;ENTRADA;Cierre por Cruce;6,20 %;100,50 %;$0,00;$0,00;$0,00;$0,00;$0,00;0,83 %;11,77 %;5,57 %;44;
59;ETHBTC;Backtest;CRUCEEMA;Long;1;0,07344;0,07197;4/5/2022 12:00:00 a m;13/5/2022 12:00:00 a m;ENTRADA;Stop loss;-2,00 %;96,49 %;$0,00;$0,00;$0,00;$0,00;$0,00;2,00 %;3,92 %;5,92 %;10;
60;ETHBTC;Backtest;CRUCEEMA;Long;1;0,05796;0,07664;17/7/2022 12:00:00 a m;15/9/2022 12:00:00 a m;ENTRADA;Cierre por Cruce;32,23 %;159,81 %;$0,00;$0,00;$0,00;$0,00;$0,00;0,33 %;47,72 %;15,49 %;61;
61;ETHBTC;Backtest;CRUCEEMA;Long;1;0,07805;0,07649;16/9/2022 12:00:00 a m;17/9/2022 12:00:00 a m;ENTRADA;Stop loss;-2,00 %;154,62 %;$0,00;$0,00;$0,00;$0,00;$0,00;2,00 %;3,83 %;5,83 %;2;
62;ETHBTC;Backtest;CRUCEEMA;Long;1;0,06971;0,07196;26/10/2022 12:00:00 a m;11/11/2022 12:00:00 a m;ENTRADA;Cierre por Cruce;3,23 %;162,84 %;$0,00;$0,00;$0,00;$0,00;$0,00;1,02 %;13,73 %;10,50 %;17;
63;ETHBTC;Backtest;CRUCEEMA;Long;1;0,07383;0,07235;13/11/2022 12:00:00 a m;13/11/2022 12:00:00 a m;ENTRADA;Stop loss;-2,00 %;157,57 %;$0,00;$0,00;$0,00;$0,00;$0,00;2,00 %;0,00 %;2,00 %;1;
64;ETHBTC;Backtest;CRUCEEMA;Long;1;0,07258;0,07203;28/11/2022 12:00:00 a m;1/12/2022 12:00:00 a m;ENTRADA;Cierre por Cruce;-0,76 %;155,62 %;$0,00;$0,00;$0,00;$0,00;$0,00;1,38 %;1,94 %;2,70 %;4;
65;ETHBTC;Backtest;CRUCEEMA;Long;1;0,07399;0,07313;2/12/2022 12:00:00 a m;10/12/2022 12:00:00 a m;ENTRADA;Cierre por Cruce;-1,16 %;152,65 %;$0,00;$0,00;$0,00;$0,00;$0,00;1,58 %;2,85 %;4,01 %;9;
66;ETHBTC;Backtest;CRUCEEMA;Long;1;0,07432;0,07283;11/12/2022 12:00:00 a m;17/12/2022 12:00:00 a m;ENTRADA;Stop loss;-2,00 %;147,58 %;$0,00;$0,00;$0,00;$0,00;$0,00;2,00 %;0,91 %;2,92 %;7;
67;ETHBTC;Backtest;CRUCEEMA;Long;1;0,07281;0,07281;5/1/2023 12:00:00 a m;16/1/2023 12:00:00 a m;ENTRADA;Cierre por Cruce;0,00 %;147,58 %;$0,00;$0,00;$0,00;$0,00;$0,00;0,49 %;7,02 %;7,02 %;12;
68;ETHBTC;Backtest;CRUCEEMA;Long;1;0,07397;0,07314;17/1/2023 12:00:00 a m;21/1/2023 12:00:00 a m;ENTRADA;Cierre por Cruce;-1,12 %;144,80 %;$0,00;$0,00;$0,00;$0,00;$0,00;1,28 %;1,35 %;2,47 %;5;
69;ETHBTC;Backtest;CRUCEEMA;Long;1;0,07188;0,07044;10/2/2023 12:00:00 a m;11/2/2023 12:00:00 a m;ENTRADA;Stop loss;-2,00 %;139,90 %;$0,00;$0,00;$0,00;$0,00;$0,00;2,00 %;1,15 %;3,16 %;2;
70;ETHBTC;Backtest;CRUCEEMA;Long;1;0,07048;0,07010;4/3/2023 12:00:00 a m;7/3/2023 12:00:00 a m;ENTRADA;Cierre por Cruce;-0,54 %;138,61 %;$0,00;$0,00;$0,00;$0,00;$0,00;1,38 %;0,20 %;0,74 %;4;
71;ETHBTC;Backtest;CRUCEEMA;Long;1;0,07035;0,06894;10/3/2023 12:00:00 a m;15/3/2023 12:00:00 a m;ENTRADA;Stop loss;-2,00 %;133,82 %;$0,00;$0,00;$0,00;$0,00;$0,00;2,00 %;4,53 %;6,54 %;6;
72;ETHBTC;Backtest;CRUCEEMA;Long;1;0,06775;0,06640;8/4/2023 12:00:00 a m;9/4/2023 12:00:00 a m;ENTRADA;Stop loss;-1,99 %;129,16 %;$0,00;$0,00;$0,00;$0,00;$0,00;1,99 %;0,24 %;2,23 %;2;
73;ETHBTC;Backtest;CRUCEEMA;Long;1;0,06624;0,06695;16/4/2023 12:00:00 a m;27/4/2023 12:00:00 a m;ENTRADA;Cierre por Cruce;1,07 %;131,62 %;$0,00;$0,00;$0,00;$0,00;$0,00;0,08 %;7,08 %;6,01 %;12;
74;ETHBTC;Backtest;CRUCEEMA;Long;1;0,06757;0,06622;8/5/2023 12:00:00 a m;8/5/2023 12:00:00 a m;ENTRADA;Stop loss;-2,00 %;126,99 %;$0,00;$0,00;$0,00;$0,00;$0,00;2,00 %;0,00 %;2,00 %;1;
75;ETHBTC;Backtest;CRUCEEMA;Long;1;0,06678;0,06649;11/5/2023 12:00:00 a m;20/5/2023 12:00:00 a m;ENTRADA;Cierre por Cruce;-0,43 %;126,01 %;$0,00;$0,00;$0,00;$0,00;$0,00;1,08 %;1,53 %;1,96 %;10;
76;ETHBTC;Backtest;CRUCEEMA;Long;1;0,06714;0,06779;21/5/2023 12:00:00 a m;13/6/2023 12:00:00 a m;ENTRADA;Cierre por Cruce;0,97 %;128,20 %;$0,00;$0,00;$0,00;$0,00;$0,00;0,66 %;5,57 %;4,60 %;24;
77;ETHBTC;Backtest;CRUCEEMA;Long;1;0,06393;0,06376;17/7/2023 12:00:00 a m;18/7/2023 12:00:00 a m;ENTRADA;Cierre por Cruce;-0,27 %;127,59 %;$0,00;$0,00;$0,00;$0,00;$0,00;0,50 %;0,22 %;0,48 %;2;
78;ETHBTC;Backtest;CRUCEEMA;Long;1;0,06377;0,06358;29/7/2023 12:00:00 a m;2/8/2023 12:00:00 a m;ENTRADA;Cierre por Cruce;-0,30 %;126,91 %;$0,00;$0,00;$0,00;$0,00;$0,00;0,41 %;0,67 %;0,97 %;5;
79;ETHBTC;Backtest;CRUCEEMA;Long;1;0,06377;0,06249;21/8/2023 12:00:00 a m;24/8/2023 12:00:00 a m;ENTRADA;Stop loss;-2,01 %;122,36 %;$0,00;$0,00;$0,00;$0,00;$0,00;2,01 %;1,43 %;3,43 %;4;
80;ETHBTC;Backtest;CRUCEEMA;Long;1;0,06354;0,06329;26/8/2023 12:00:00 a m;29/8/2023 12:00:00 a m;ENTRADA;Cierre por Cruce;-0,39 %;121,48 %;$0,00;$0,00;$0,00;$0,00;$0,00;0,83 %;0,36 %;0,76 %;4;
81;ETHBTC;Backtest;CRUCEEMA;Long;1;0,06353;0,06330;30/8/2023 12:00:00 a m;31/8/2023 12:00:00 a m;ENTRADA;Cierre por Cruce;-0,36 %;120,68 %;$0,00;$0,00;$0,00;$0,00;$0,00;1,23 %;0,05 %;0,41 %;2;
82;ETHBTC;Backtest;CRUCEEMA;Long;1;0,06346;0,06313;3/9/2023 12:00:00 a m;4/9/2023 12:00:00 a m;ENTRADA;Cierre por Cruce;-0,52 %;119,53 %;$0,00;$0,00;$0,00;$0,00;$0,00;0,98 %;0,06 %;0,58 %;2;
83;ETHBTC;Backtest;CRUCEEMA;Long;1;0,06328;0,06298;5/9/2023 12:00:00 a m;6/9/2023 12:00:00 a m;ENTRADA;Cierre por Cruce;-0,47 %;118,49 %;$0,00;$0,00;$0,00;$0,00;$0,00;0,58 %;0,03 %;0,51 %;2;
84;ETHBTC;Backtest;CRUCEEMA;Long;1;0,06337;0,06278;8/9/2023 12:00:00 a m;10/9/2023 12:00:00 a m;ENTRADA;Cierre por Cruce;-0,93 %;116,46 %;$0,00;$0,00;$0,00;$0,00;$0,00;1,20 %;1,15 %;2,08 %;3;
85;ETHBTC;Backtest;CRUCEEMA;Long;1;0,06198;0,06074;2/10/2023 12:00:00 a m;4/10/2023 12:00:00 a m;ENTRADA;Stop loss;-2,00 %;112,13 %;$0,00;$0,00;$0,00;$0,00;$0,00;2,00 %;0,95 %;2,95 %;3;
86;ETHBTC;Backtest;CRUCEEMA;Long;1;0,05779;0,05663;12/11/2023 12:00:00 a m;12/11/2023 12:00:00 a m;ENTRADA;Stop loss;-2,01 %;107,87 %;$0,00;$0,00;$0,00;$0,00;$0,00;2,01 %;0,00 %;2,01 %;1;
87;ETHBTC;Backtest;CRUCEEMA;Long;1;0,05631;0,05518;16/11/2023 12:00:00 a m;17/11/2023 12:00:00 a m;ENTRADA;Stop loss;-2,01 %;103,70 %;$0,00;$0,00;$0,00;$0,00;$0,00;2,01 %;0,39 %;2,40 %;2;
88;ETHBTC;Backtest;CRUCEEMA;Long;1;0,05515;0,05507;25/11/2023 12:00:00 a m;29/11/2023 12:00:00 a m;ENTRADA;Cierre por Cruce;-0,15 %;103,40 %;$0,00;$0,00;$0,00;$0,00;$0,00;0,87 %;2,19 %;2,34 %;5;
89;ETHBTC;Backtest;CRUCEEMA;Long;1;0,05477;0,05367;30/12/2023 12:00:00 a m;2/1/2024 12:00:00 a m;ENTRADA;Stop loss;-2,01 %;99,32 %;$0,00;$0,00;$0,00;$0,00;$0,00;2,01 %;2,65 %;4,66 %;4;
90;ETHBTC;Backtest;CRUCEEMA;Long;1;0,05539;0,05552;13/1/2024 12:00:00 a m;28/1/2024 12:00:00 a m;ENTRADA;Cierre por Cruce;0,23 %;99,78 %;$0,00;$0,00;$0,00;$0,00;$0,00;1,95 %;10,44 %;10,20 %;16;
91;ETHBTC;Backtest;CRUCEEMA;Long;1;0,05505;0,05468;9/2/2024 12:00:00 a m;10/2/2024 12:00:00 a m;ENTRADA;Cierre por Cruce;-0,67 %;98,44 %;$0,00;$0,00;$0,00;$0,00;$0,00;0,67 %;1,54 %;2,22 %;2;
92;ETHBTC;Backtest;CRUCEEMA;Long;1;0,05441;0,05332;18/2/2024 12:00:00 a m;18/2/2024 12:00:00 a m;ENTRADA;Stop loss;-2,00 %;94,47 %;$0,00;$0,00;$0,00;$0,00;$0,00;2,00 %;0,00 %;2,00 %;1;
93;ETHBTC;Backtest;CRUCEEMA;Long;1;0,05526;0,05415;21/2/2024 12:00:00 a m;1/3/2024 12:00:00 a m;ENTRADA;Stop loss;-2,01 %;90,56 %;$0,00;$0,00;$0,00;$0,00;$0,00;2,01 %;9,48 %;11,49 %;10;
94;ETHBTC;Backtest;CRUCEEMA;Long;1;0,05576;0,05570;8/3/2024 12:00:00 a m;15/3/2024 12:00:00 a m;ENTRADA;Cierre por Cruce;-0,11 %;90,35 %;$0,00;$0,00;$0,00;$0,00;$0,00;1,15 %;5,70 %;5,81 %;8;
95;ETHBTC;Backtest;CRUCEEMA;Long;1;0,05129;0,05026;30/4/2024 12:00:00 a m;1/5/2024 12:00:00 a m;ENTRADA;Stop loss;-2,01 %;86,53 %;$0,00;$0,00;$0,00;$0,00;$0,00;2,01 %;2,34 %;4,35 %;2;
96;ETHBTC;Backtest;CRUCEEMA;Long;1;0,05094;0,04992;4/5/2024 12:00:00 a m;5/5/2024 12:00:00 a m;ENTRADA;Stop loss;-2,00 %;82,80 %;$0,00;$0,00;$0,00;$0,00;$0,00;2,00 %;1,32 %;3,32 %;2;
97;ETHBTC;Backtest;CRUCEEMA;Long;1;0,05126;0,05195;23/5/2024 12:00:00 a m;14/6/2024 12:00:00 a m;ENTRADA;Cierre por Cruce;1,35 %;85,26 %;$0,00;$0,00;$0,00;$0,00;$0,00;0,25 %;12,06 %;10,71 %;23;
98;ETHBTC;Backtest;CRUCEEMA;Long;1;0,05273;0,05362;17/6/2024 12:00:00 a m;7/7/2024 12:00:00 a m;ENTRADA;Cierre por Cruce;1,69 %;88,38 %;$0,00;$0,00;$0,00;$0,00;$0,00;1,56 %;6,77 %;5,08 %;21;
99;ETHBTC;Backtest;CRUCEEMA;Long;1;0,05372;0,05363;13/7/2024 12:00:00 a m;16/7/2024 12:00:00 a m;ENTRADA;Cierre por Cruce;-0,17 %;88,07 %;$0,00;$0,00;$0,00;$0,00;$0,00;0,63 %;1,51 %;1,68 %;4;
100;ETHBTC;Backtest;CRUCEEMA;Long;1;0,05382;0,05295;18/7/2024 12:00:00 a m;19/7/2024 12:00:00 a m;ENTRADA;Cierre por Cruce;-1,62 %;85,03 %;$0,00;$0,00;$0,00;$0,00;$0,00;1,78 %;0,41 %;2,03 %;2;
101;ETHBTC;Backtest;CRUCEEMA;Long;1;0,03817;0,03803;10/11/2024 12:00:00 a m;14/11/2024 12:00:00 a m;ENTRADA;Cierre por Cruce;-0,37 %;84,35 %;$0,00;$0,00;$0,00;$0,00;$0,00;1,73 %;7,78 %;8,15 %;5;
102;ETHBTC;Backtest;CRUCEEMA;Long;1;0,03671;0,03598;28/11/2024 12:00:00 a m;28/11/2024 12:00:00 a m;ENTRADA;Stop loss;-1,99 %;80,68 %;$0,00;$0,00;$0,00;$0,00;$0,00;1,99 %;0,00 %;1,99 %;1;
103;ETHBTC;Backtest;CRUCEEMA;Long;1;0,03812;0,03736;30/11/2024 12:00:00 a m;30/11/2024 12:00:00 a m;ENTRADA;Stop loss;-1,99 %;77,08 %;$0,00;$0,00;$0,00;$0,00;$0,00;1,99 %;0,00 %;1,99 %;1;
104;ETHBTC;Backtest;CRUCEEMA;Long;1;0,03676;0,03602;6/1/2025 12:00:00 a m;8/1/2025 12:00:00 a m;ENTRADA;Stop loss;-2,01 %;73,52 %;$0,00;$0,00;$0,00;$0,00;$0,00;2,01 %;1,61 %;3,62 %;3;
105;ETHBTC;Backtest;CRUCEEMA;Long;1;0,02138;0,02329;11/5/2025 12:00:00 a m;23/6/2025 12:00:00 a m;ENTRADA;Cierre por Cruce;8,93 %;89,02 %;$0,00;$0,00;$0,00;$0,00;$0,00;0,80 %;22,68 %;13,75 %;44;
106;ETHBTC;Backtest;CRUCEEMA;Long;1;0,02362;0,02315;5/7/2025 12:00:00 a m;6/7/2025 12:00:00 a m;ENTRADA;Stop loss;-1,99 %;85,26 %;$0,00;$0,00;$0,00;$0,00;$0,00;1,99 %;1,40 %;3,39 %;2;
107;ETHBTC;Backtest;CRUCEEMA;Long;1;0,02354;0,03728;9/7/2025 12:00:00 a m;25/9/2025 12:00:00 a m;ENTRADA;Cierre por Cruce;58,37 %;193,39 %;$0,00;$0,00;$0,00;$0,00;$0,00;1,15 %;83,81 %;25,45 %;79;
108;ETHBTC;Backtest;CRUCEEMA;Long;1;0,03758;0,03683;9/10/2025 12:00:00 a m;9/10/2025 12:00:00 a m;ENTRADA;Stop loss;-2,00 %;187,53 %;$0,00;$0,00;$0,00;$0,00;$0,00;2,00 %;0,00 %;2,00 %;1;
109;ETHBTC;Backtest;CRUCEEMA;Long;1;0,03413;0,03345;6/12/2025 12:00:00 a m;9/12/2025 12:00:00 a m;ENTRADA;Stop loss;-1,99 %;181,80 %;$0,00;$0,00;$0,00;$0,00;$0,00;1,99 %;1,38 %;3,37 %;4;
110;ETHBTC;Backtest;CRUCEEMA;Long;1;0,03390;0,03382;3/1/2026 12:00:00 a m;4/1/2026 12:00:00 a m;ENTRADA;Cierre por Cruce;-0,24 %;181,14 %;$0,00;$0,00;$0,00;$0,00;$0,00;0,41 %;0,35 %;0,59 %;2;
111;ETHBTC;Backtest;CRUCEEMA;Long;1;0,03474;0,03405;5/1/2026 12:00:00 a m;7/1/2026 12:00:00 a m;ENTRADA;Stop loss;-1,99 %;175,56 %;$0,00;$0,00;$0,00;$0,00;$0,00;1,99 %;0,09 %;2,07 %;3;
112;ETHBTC;Backtest;CRUCEEMA;Long;1;0,03485;0,03415;16/1/2026 12:00:00 a m;17/1/2026 12:00:00 a m;ENTRADA;Stop loss;-2,01 %;170,02 %;$0,00;$0,00;$0,00;$0,00;$0,00;2,01 %;0,86 %;2,87 %;2;
113;ETHBTC;Backtest;CRUCEEMA;Long;1;0,03392;0,03372;30/1/2026 12:00:00 a m;31/1/2026 12:00:00 a m;ENTRADA;Cierre por Cruce;-0,59 %;168,43 %;$0,00;$0,00;$0,00;$0,00;$0,00;1,50 %;0,06 %;0,65 %;2;
114;ETHBTC;Backtest;CRUCEEMA;Long;1;0,02992;0,02994;18/3/2026 12:00:00 a m;29/3/2026 12:00:00 a m;ENTRADA;Cierre por Cruce;0,07 %;168,61 %;$0,00;$0,00;$0,00;$0,00;$0,00;0,64 %;6,48 %;6,42 %;12;
115;ETHBTC;Backtest;CRUCEEMA;Long;1;0,03034;0,03066;2/4/2026 12:00:00 a m;22/4/2026 12:00:00 a m;ENTRADA;Cierre por Cruce;1,05 %;171,44 %;$0,00;$0,00;$0,00;$0,00;$0,00;0,16 %;5,64 %;4,58 %;21;
116;ETHBTC;Backtest;CRUCEEMA;Long;1;0,02763;0,02899;5/7/2026 12:00:00 a m;27/7/2026 12:00:00 a m;ENTRADA;Salir al cerrar sesion;4,92 %;184,80 %;$0,00;$0,00;$0,00;$0,00;$0,00;0,18 %;7,89 %;2,97 %;23;
